<?xml version="1.0" encoding="UTF-8"?>
<project-private xmlns="http://www.netbeans.org/ns/project-private/1">
    <editor-bookmarks xmlns="http://www.netbeans.org/ns/editor-bookmarks/2" lastBookmarkId="0"/>
    <open-files xmlns="http://www.netbeans.org/ns/projectui-open-files/2">
        <group>
            <file>file:/home/majky/NetBeansProjects/sk.banik.registrations/src/java/sk/banik/registrations/entities/User.java</file>
            <file>file:/home/majky/NetBeansProjects/sk.banik.registrations/web/WEB-INF/web.xml</file>
            <file>file:/home/majky/NetBeansProjects/sk.banik.registrations/web/index.jsp</file>
            <file>file:/home/majky/NetBeansProjects/sk.banik.registrations/web/WEB-INF/jspf/footer.jspf</file>
            <file>file:/home/majky/NetBeansProjects/sk.banik.registrations/web/css/style.css</file>
            <file>file:/home/majky/NetBeansProjects/sk.banik.registrations/src/java/sk/banik/registrations/controller/UsersServlet.java</file>
            <file>file:/home/majky/NetBeansProjects/sk.banik.registrations/src/java/sk/banik/registrations/controller/RegistrationsServlet.java</file>
            <file>file:/home/majky/NetBeansProjects/sk.banik.registrations/web/WEB-INF/view/view_regs.jsp</file>
            <file>file:/home/majky/NetBeansProjects/sk.banik.registrations/src/java/sk/banik/registrations/session/UserFacade.java</file>
            <file>file:/home/majky/NetBeansProjects/sk.banik.registrations/web/WEB-INF/view/view_users.jsp</file>
            <file>file:/home/majky/NetBeansProjects/sk.banik.registrations/web/WEB-INF/jspf/header.jspf</file>
        </group>
    </open-files>
</project-private>
